SHA-256,Malware Family
a9c92b29ee05c1522715c7a2f9c543740b60e36373cb47b5620b1f3d8ad96bfa,RGDoor
06d6e139781bfdc1755a2b94a4199a7596e73c84582219dab96a49f32e14c072,RGDoor
9a19bb089a50ddb74f5775988c6e7a94a76a198b0885010fccd2073fc57cad73,RGDoor
497e6965120a7ca6644da9b8291c65901e78d302139d221fcf0a3ec6c5cf9de3,RGDoor
cabaa7511f655f7e36eee2f97b900feaa47849290b152e7a77df003ee040d920,RGDoor
3bb1d0b559faec2ab899640daf0f5fafe9b02a27cc44dd9d84c4a13d453cb1e6,RGDoor
71d76af9c7f3388ae0d1e8ce95a8d7e9215c4682f818a67f3c0a8538fba03b92,RGDoor
8ce72cca65138fd30109455d2e6be5e48bfe20da7b46b8ce5bf371e44ebe20ea,RGDoor
fd59108020d68c84ea5b9bfd6641ce574f78efe06908626d7ed4335da5cb7d67,RGDoor
f61c0c9451a148b3a8293c93a68a2714d12a215a6b5f4ba83524dc1ddfec48ad,RGDoor
f48811c1b76098344af5d5d20742a9d09f2a85d873de4f495430662dd8926f8e,ExOwa
076364dd23d46c40d00fc62baa9826a4c74900cc0f31605b15d92153b184dd7a,ExOwa
40cda0861a74f36f34043a3f51c0a9109f877a0b655ffc8307a0104652f1b701,ExOwa
446d24b57fafd92c277b23100cb32df7c685ffaa8467527f25ce469d829b42ca,BlackMould
b4c03a37672f0c4375cef01d3b389de2a098f113957d4f43fe5817424ff149c8,BlackMould
ee053c4e02edcbb557accc14c3ecd976bd5d5e99f1f1651bf4be1ff08af64cb1,BlackMould
c41a8e3a2fc852e9f0cea0c5bcbe4fb54e5a430062299e524b4104a58ec78727,BlackMould
7a50059395000f58efae10a5929cee539961a512d1957dded6f779107ca7b596,BlackMould
9793ea98b7fbd43f0a7273594d7b4e53338048c651c33fbfdbeb1cc275957996,TripleRIIS
cfaec2a27dc9667443bc5be81b66e01c42ad5d83a90393e4dffc396e46f99ee7,TripleRIIS
0644b3ffc856eb54b53338ab8ecd22dd005ee5aacfe321f4e61b763a93f82aea,TripleRIIS
027d229ada6941299f82ed73069af6d2cdf2fbd1b96efe55efc80b9a98ec55a7,TripleRIIS
e733b9444106ca37c3ef9e207ac6c813b787614496b275c1a455fccc3aca1c4a,TripleRIIS
97589aca5d66b44a3056e23155506aeb71ada52e4bcb4939584d22b213d12b11,TripleRIIS
b4aab2c535978cb2a914e1bbdef19ab05326b3c2cc86a0b955b12e6a69e6c0aa,TripleRIIS
4fbda60f74a4003bc93e75acffbd55520c99236052b527f920c67c18673e6bbb,GoodDownload
fde34c06dff9a5304c394097047233930da199cce90d5a2ded3a1634dea42470,GoodDownload
307f905981965afc33bc17e5053d877deb2eb4fe7b88b892d59dbae96992c161,GoodDownload
320da8cc3e46df550363d8a2452c2c459bf30142da065ccb29a7f2b9629ee112,GoodDownload
6a9e2cb9592bee7dda6165fc5f8c26e6be5eb49d9de58b3251327c1d02d858b3,GoodDownload
80e327564d00167a6eb4ecf5a6fa0526d5261b390c46ef442673c2e69173e470,GoodDownload
40384f574e4ea0a1dd0876cf4af60f79a4a0b37d2a8287a795b8ab5e3427521e,GoodDownload
3d482e87a0e97e70c8b2e7541ba0bdee388029a5a7f26bbd62d981565cc3a91b,GoodDownload
716c14edbd08658fc72a7641913cbab451c3f947d2473fd36488b1a228d1e340,GoodDownload
6549dd663b597a951781f1ab6b820079f4ffeec85f396f349d5ce2f97b3f9bf6,GoodDownload
c29e53de6684d771cff912a4ad57d203d1a63ff8334aa30727e76c874492ab54,GoodDownload
15ada077c7bd86103f729810ea33a4856bb2b39ba1c017293c492a347036c331,GoodDownload
feeea74325d2f389e9325a8113f185bc823dc0681b86a82982c3a3f2951750c8,GoodDownload
6da823fa4950b95f9ada74e6899fb0a17c90e8f64c75be43f037461f3eee3d02,GoodDownload
0d5e50a7207854b6e481985d7576a6ffb80622dae024601bd758395ceffe98e0,LimitedCookie
12c769dc84ede9cb97fafdc21b6680217ca516b07a170c9c1c4c384398ae2f92,LimitedCookie
582c24a9b3d699623b9837f065f441e04bd04675f912d6dbd119c16b14453854,LimitedCookie
6bc80e628f3eacdc0a8cb6a76a975954f3d9a9e4761844a717ace4cf004c228d,LimitedCookie
e352ebd81a0d50da9b7148cf14897d66fd894e88eda53e897baa77b3cc21bd8a,LimitedCookie
550307eba13dad5308d07f69cc74d33725ac7736c1e57aeecdf4d707b83d298e,LimitedCookie
857fe0862b880275eec38e31ec9e2e99c2127f919c8a54b31af85331405c4b5a,LimitedCookie
29e119f6f551f5dbf07697af926acc0a168a64da0548a2c210e0a660e36d27ac,LimitedCookie
61b0719ef29b51cb547eea7ea7fdf1d9781a657c3b8ef3cfc9cbc2c2349257d0,LimitedCookie
f86f6ebff439f86200be6d028c44b4c52676df0a38f0a0444f2cf891bc541b79,LimitedCookie
8052e7f774d2ac11b9988cfa2175fe707a000bae739a4489390eca3e744521c5,LimitedCookie
5c39c8037f431a10f91d1e837a9cb7f6542b97af06b45644be61f10c9210285c,LimitedCookie
78aa44f96ec87a50ec951ed99a596a2aee410a01c4110aac90c20f9f145123df,LimitedCookie
0249b98367e60359fa25875688989b66c374561246787fab1a1a891c500e36b8,LimitedCookie
dcdc12e329dc825d0c25cb40c61a2592b602ea22eb0648ee0ab85f3ac30961a9,LimitedCookie
76a145b9aad0314e708e7d721d39f17e299519c26737e63292997ea635b49d93,LimitedCookie
29b753f0ca1e3db12fa2e3f66047e0253309b93a4081ce5c2afd5a27fd6e6b32,ThreeTrack
697cd1d45bfaaa22f91fdf18c3489354bab0f2214b1233ee497281293664d410,ThreeTrack
b0e881d7a6eca08529ecf789941607e811be81edd86c31d799e6fb1e7faaf64f,ThreeTrack
00142e46c997fe7051af5667953908cc876268be30d61cd985f6265514639251,FakeImage
9f7de916e513f89e8b7192bfc1daadf927110f3eafa836d036fad2b3db1a93d7,FakeImage
819500f6d820bffd4290b172eb84721eee9f4d3a5814d58a65d5a321ce3e51ab,FakeImage
0918904e22772ce15cb6f2d83ba0d9bb9eef289f534e0c8c4850f448070f0e67,DeployFilter
0e8695e41822e6cbbcf45c76915af6db1d6744e3278f5300bc038cb666257e2b,DeployFilter
25651893f6e978d8ce585c06a2d5b469a2b503da3f5ad6d16ea0714eca0c3fb9,DeployFilter
0b163dba62119456c4e9e954beba9c777b3f4317b4909a9717aaf1e55e0157f9,DeployFilter
335c815acd2066d4a70c9e060b11baed6f9e2088acef563f1c13edea2ea2f688,DeployFilter
391daaba167ffe2a7b3708a28590b60ad64a386f48672181e567d8106185c24d,DeployFilter
39e84372c81e79112a6d35c39e893983dfd8d1b38248b2ac9b34a66f5b364636,DeployFilter
9e6b729637e833bf9c2421bfe11dc94d15997d8c50faacc0aea34db069b3e05f,DeployFilter
892c0d11e2c97ab1c1a865fefa68d4d2b767358e04507be8ac1ebb0255ed5cf7,DeployFilter
b74a1fe9515dcdd4c5dcce8705b467a82fd2cffed5c0861080a6e2ff18c38752,DeployFilter
c75e4d8d0a331b06ceb5f2f98abc8bd84d7395303912521c53a4f47cfd927236,DeployFilter
70cce9199db2b3bcf15a353804054b7fff41f02147f3414a7727655dca9972b2,DeployFilter
f5925e504323fb04c870977bf6c28bf1c45451e61f34a8393bdbcdd3b883d866,DeployFilter
241cce3bde9379fcb18c81a856e8b67582b44e48f2134b3e750a9370bd87d707,IIS-Raid
138a48279b17d4f04368096a6f2de5d16cf3d4c4472342d3263468a69399b9b8,IIS-Raid
315aed18eee0c6f3616bdea46b66fa6cbdff343653943f140c07e274744ea5d4,IIS-Raid
364bf510c9c1d54eedbcfab6260e1ea72d9bce0c9c8dd4ea8e84e254f5c1c91c,IIS-Raid
7c61c37356a2486cb39eef47ffb91b0e64efd2d1caa9e686ae2422dfba621e6d,IIS-Raid
bcde2ee839d6bc2e18bd150f4fc21beb369f7877425efeb6e721bf954f54679d,IIS-Raid
6b4c62e6193b1a9bd48aa19905686b7d44d03e77fa5449c22d5a7eaf5c808b71,IIS-Raid
165b55f40e9b488a20a7346d7b110729f0b7025ca767b0e174c6b45c9e09b42b,IIS-Raid
3ccbd18736f1820f256e95a43097ed379df72c62a543d912d881db7915c04bfb,IIS-Raid
4995992852f5c5066581e4d63bcb9b2655d7458534c2710276587159c234e135,IIS-Raid
44d95ff98bc70dca8c9bae7b7cdb2e6f94685f5fc65f2ec5cd27d069c4e4797d,IIS-Raid
46644577e1d6f748a7c10667eed8255de711b95018a4a75234f070409ba8bd8d,IIS-Raid
2a2c1447a24fca304815b8de8b546276e37a866f0bb9390a69f92ec150855a1f,IIS-Raid
f7034100484fa7c8f5fecd57e48982ed6bc06fbe54650d63adebcffad9ccf964,IIS-Raid
17de3f731a78bc740c5b57fb6d667cb68d93b5fe94076c852ddb30d7089988cc,IIS-Raid
68a57727aa0097cfe65782961fd10c8f6fc8766c7a816f85098c3ddcf7a681be,IIS-Raid
a11626d55ee9c958d86e8c77dfe19f66cdf545fbd8743126081f46dc24446767,IIS-Raid
83b787c722472d2407ecaf10579d61e0919504674c85ba5d164fd68464594586,IIS-Raid
b8490a639403609b2e262418132a70f64004b63d91b764010f3ce6890f4ede8f,IIS-Raid
c9a69b28d4505b608da384e104a9046d1200aa84157adc2dd1628c823f2c6323,IIS-Raid
d15d07add8f4f27ac87127c7d98d287f7cd0a4e5d480119dab62aa6488a70d59,IIS-Raid
82b107aa1791a58c65e3a266981e886e24e7d6abcf076750f3e72bf4e3697aa4,IIS-Raid
03340365d1a4ce340bdc4b83369196354bcaa7cdcba57222c04ad82226c65ad6,IIS-Raid
611a41a2856b907abd2ebc627369aebfe0156864f2927bb1a124a3dc1e8463a0,IIS-Raid
c073e5ffec6f64cec93c0810898012124c7f273be2c832c75acce234843a6594,IIS-Raid
3bc3ebbbc3b0ad10ef30e631ccfe791853913ffb17e1faf9fbc567f14262aa96,IIS-Raid
3c192a972d7f19387da7a43043a22eb950932e5a01799db4837ec23d438dd03d,IIS-Raid
45c62911fea65c2fb5407a60497cd38d1fea8806f466ab8eb98c62123b13a58b,IIS-Raid
61ca8363cd2a70ef47cecccd301cc4cc62a6860a51c0eb0ab74db7271f1fa5dc,IIS-Raid
ae94b9528965e76b0a3c5f34849fe7fc81ad503bccfaa2e25c8dfacc193bdbad,IIS-Raid
bb26ce1b030daeac03bb5186ca71de03460c0b62a85e3387bf4cbbc62b53beef,IIS-Raid
e49bef3122363d6ac9ad590b41f378861a9e29a2ef742c576c9c73c624bf1c84,IIS-Raid
19364ae4376e8c6208d84af04c9c56bf2487817e502610bd3ce5870513313368,IIS-Raid
80212de4e3675b85c5e0c4fd5c502878526ec1716f074e138658107f1eb259a1,IIS-Raid
aae78b772f08fabdcd55a936f31a12a55e6610f9e447db75d153fe9cea87e0b3,IIS-Raid
b44457d39e768a9127467c664ca354153e28e2d575c4fa10062d4f55e559c9d1,IIS-Raid
e987081df4efe9e28521fa5bcbd191cda3c08d69a21b542215f0fcc23eb59b6f,IIS-Raid
ea123701145cb0c4025614535ef29f3b862f7bc38383c305beeafd2f489f3012,IIS-Raid
449a8940e4956233b6622476d6e8ef3f29ddd3a5c72df2a4fe543f6996129ed5,IIS-Raid
64c2028cabfa33d9cc6774df2088eccf7138610ac668675b580f9a0e7d818442,IIS-Raid
8b6f5f5b9d442861e022dbda745aec0c9da1f2ebebc681516c2d25264fa30358,IIS-Raid
221d35c68a3e98ef54d816dbf96b31bfa2c7e5039f3ae1c323501cc5bd75cf08,IIS-Raid
a8370607b66cdb29f7bab7cf7145f6c3cf2befbfffa4e13746644a876decfe9f,IIS-Raid
500905187d6b2d387fed36c8a1a51f8a2d58ebcb0829c81cea81ad08d3d35686,SessionManager
2a0b83c316219ed8c7ce1d14edf09794fa76a71cb04348d2a332991f3fceab2b,SessionManager
40de45ea45d352703a19c4a5b07013c5e748d831e9f67111a776566463c0fbd3,SessionManager
4ba880c1080b2bb71989b267576f145fe5500a5672f73750bfcefb72a3d4c651,SessionManager
b9a9e43e3d10cf6b5548b8be78e01dc0a034955b149a20e212a79a2cf7bee956,SessionManager
1183e96c80d784049426b57d4c6f8d19958f91695dd1d493a7c332fdfe85c40f,SessionManager
1a63259345f9012f71739ed6c571246676cc24191ede91328b98f2285688988e,SessionManager
4464dc2f9b7c5b022725277b0c665b62c5f5321b49f4b8c76942a2418bd1b934,SessionManager
ae64ed75ca773a9d751c0fbdb31265a7fd2a17f7bf173de2d88d07b17a9f1a24,SessionManager
a86502e763c3394e291391d4437b44ff8112cad51ff44ac1b9d5f46f2586e687,SessionManager
4c640b1248d0b6cad2acf29b5d9df40d4ee6e640926d7dbe15e759ea4ad40989,RainOwa
538d423e3a8a884aac2d80b248d194388d3520cc508990da14c0a1384e7eddbd,DoorMe
96b226e1dcfb8ea2155c2fa508125472c8c767569d009a881ab4c39453e4fe7f,DoorMe
f8cac6190410595d75045ef2bc3a670231e811f8641c9c8fff5d5df14e66c012,DoorMe
73e9f7b9d22159f485b1c733981261ddc26fe7fcd104babfcc60369b354ccbe7,DoorMe
fadbb46a64086b9329667608d32c1e8c5fe8a4d28ab3066439580bd49a262a91,DoorMe
c283ceb230c6796d8c4d180d51f30e764ec82cfca0dfaa80ee17bb4fdf89c3e0,DoorMe
f8eeb8a8e336eaa8723d483fd3dec802c504a7121976477a3a1d6baf44f19a12,XCookie
3897e7d173564cb3c348edef48ff2e125f59ea4465e975f4e3f0e495782c28ff,Owowa
e19d8585ce66eb8f34b495819c9d2a73a26a54830b7437ccfdcdfaaac4398d5b,Owowa
dbe89ddbf5bc561be5fec4135d8ee0e9b58c13c7a95ce3585e419b1007580bbd,Owowa
8e1e0ddeb249b9f8331b1562498d2cbd9138ec5e00c55a521d489e65b7ef447d,Owowa
25336df70c7441a6ebeb1861c4a3821232435e5d2c7ab3792c351329f6bc5cbe,MethedLoader
8310b110158cd5885242914759f4c977ded3286b4c709474ec8980df32077af8,MethedLoader
ae2cd1e8202d513ee2b182b1a502e7daaad6f250ed1a27d7a0bbeb26a938197c,MethedLoader
51a30db684330d739eb383ebb66ac37166a41cb64e276db35c2746ef099bf3a0,MethedLoader
343aa1f9f7bc720b5317276d4c5f8835ab6980c0c2de3d2bf3f3ea768374ab25,MethedLoader
30e70931a7b18eca5821748f6e7d24ef182792d2c5ebabbee649b19eb266c1f6,MethedLoader
85388086bf76900861452973a6bf02219c52bf16a7c181c9adbef0a8621f5419,NoSuch
6a6bd8b772bbe54d7b425161cf7505fa3739a24b411d70dc9364cfd79b2e7b75,NoSuch
15db49717a9e9c1e26f5b1745870b028e0133d430ec14d52884cec28ccd3c8ab,Detele
8571a354b5cdd9ec3735b84fa207e72c7aea1ab82ea2e4ffea1373335b3e88f4,Detele
577ca702d73f2090ce583c5b1fbfcb3101d3c79722c98b3aa8dc6598296182f4,SessionsIIS
4e8b93fdf8847d411d9596b346405f40ce7fb4c46d74ca4f8aff3aec7684eea2,TigerIIS
661ca6cb6b79a4b99c34994be458fcc9d7193a3b6e02d2650c5a79916d889d26,LightHandIIS
a8875161709f05c510136eb0071095eabaaabe253cd0bd9f0304900d00bc12b7,LightHandIIS
b81c177c440e84635f22dc97b0411de93a24a983a41af676ffbbb4439487aaef,Frebniis
bc6d2dd118cacfef31c3dda8fd51b5c041f33266d49575129d0f607436f9ed36,CookieHash
7ebc73831fe3b69d381e89da8d800823a7eb3fabcb4e3b84489368d637a784c6,CookieHash
d97987b9a7e63973b49d76f06a58048db172f8584710b1c30e58457c54a4d82c,CookieHash
0eb60e4c5dc7b06b719e9dbd880eb5b7514272dc0d11e4760354f8bb44841f77,ReGeorgIIS
0b8b10a2ff68cb2aa3451eedac4a8af4bd147ef9ddc6eb84fc5b01a65fca68fd,ReGeorgIIS
11e90e2458a97957064a3d3f508fa6dadae19f632b45ff9523b7def50ebacb63,ReGeorgIIS
3eb56218a80582a79f8f4959b8360ada1b5e471d723812423e9d68354b6e008c,ReGeorgIIS
535586af127e85c5561199a9a1a3254d554a6cb97200ee139c5ce23e68a932bd,ReGeorgIIS
5fd5e99fc503831b71f4072a335f662d1188d7bc8ca2340706344fb974c7fe46,ReGeorgIIS
a66627cc13f827064b7fcea643ab31b34a7cea444d85acc4e146d9f2b2851cf6,ReGeorgIIS
d1955169cd8195ecedfb85a3234e4e6b191f596e493904ebca5f44e176f3f950,ReGeorgIIS
de8f58f008ddaa60b5cf1b729ca03f276d2267e0a80b584f2f0723e0fac9f76c,ReGeorgIIS
e5f520d95cbad6ac38eb6badbe0ad225f133e0e410af4e6df5a36b06813e451b,ReGeorgIIS
b8d030ed55bfb6bc4fdc9fe34349ef502561519a79166344194052f165d69681,ReGeorgIIS
484e274077ab6f9354bf71164a8edee4dc4672fcfbf05355958785824fe0468f,ReGeorgIIS
5b16d1533754c9e625340c4fc2c1f76b11f37eb801166ccfb96d2aa02875a811,ReGeorgIIS
ceb47274f4b6293df8904c917f423c2f07f1f31416b79f3b42b6d64e65dcfe1b,ReGeorgIIS
442a337b83337935b0d360eeca9db8c59745180fcaf97c921a57190f120d4b01,ReviseIIS
69ed5280a398c0a09552660a9c6cbce5dc40090ac3410382c26dfc59bb2b5ae7,ReviseIIS
b0ef8eb2ce75bc6d451fa618caf78cc6404e9cd4591a2046d43556f6a4518a4a,ReviseIIS
86f1dd3da0b36d4d7788788df59a59a26bfddfb67a0628492f454561e40f6f39,SpiderExecute
3df107aff6fc2fce3c867b9f44e6c1820f96508f539c468c3a88384e2975d3f6,ZeroOneCookie